"","c1","c2","c3","alpha","beta","gamma","s_m,s1","s_m,s2","s_m,s3","s_s1","s_s2","lambda"
"1",0.571281,2.88224,1.43178,0.793664,0.962929,6.38465,0.445352,-0.502571,7.4249,0.570166,1.02124,0.153139
"2",0.487485,2.70411,1.80735,0.760744,0.933869,6.17134,0.542138,-0.667492,6.12143,0.54476,1.21237,0.167483
"3",0.594512,2.93232,1.29003,0.78218,0.96798,5.99692,0.580116,-0.82079,6.57762,0.543312,1.26267,0.157091
"4",0.586764,2.87923,1.43405,0.786636,0.950955,6.29399,0.550639,-1.37077,6.46497,0.568229,1.05976,0.170254
"5",0.658214,2.58623,1.2237,0.797624,0.994996,6.19362,0.610418,-0.911735,6.50248,0.563378,0.883568,0.164652
"6",0.695181,2.75758,1.1575,0.808435,0.99346,6.47491,0.470854,-0.35359,6.78574,0.557797,1.10771,0.160382
"7",0.690557,2.80285,1.4662,0.787639,0.975295,5.99702,0.629438,-0.656665,6.73901,0.582299,0.872885,0.171047
"8",0.62271,2.61786,1.59669,0.794118,0.986801,6.18927,0.557525,-0.6334,6.49396,0.566837,0.974948,0.172898
"9",0.80274,2.79469,1.21962,0.766882,0.946728,6.03947,0.380971,-0.741421,7.2707,0.555451,1.13864,0.152614
"10",0.637154,2.43659,1.38114,0.793187,0.957221,6.12538,0.588852,-0.174547,7.0995,0.543816,1.29326,0.177104
"11",0.660953,2.54577,1.48833,0.779502,0.969151,5.93239,0.500568,-0.725825,6.41176,0.557142,1.1001,0.135673
"12",0.613837,2.69917,1.25512,0.806434,0.982643,5.96425,0.510673,-0.593271,6.47325,0.564393,1.00036,0.164008
"13",0.795975,3.02493,1.07881,0.802052,0.993185,6.13439,0.504169,-0.945502,6.78224,0.558943,1.04263,0.151549
"14",0.804449,2.85505,1.62527,0.760747,0.937156,5.88174,0.399423,-0.446541,7.27854,0.552556,1.19814,0.169655
"15",0.740748,2.83581,1.61602,0.775974,0.970539,5.96013,0.511376,-0.549472,7.19296,0.561543,0.979972,0.153964
"16",0.778681,2.96772,1.40604,0.767865,0.94792,6.0881,0.449812,-0.413688,6.74262,0.559035,1.09084,0.15527
"17",1.03018,3.45311,0.89084,0.813553,0.989329,6.3457,0.546524,-1.01574,6.78517,0.557656,1.17188,0.167007
"18",0.786456,3.17286,1.27729,0.797071,0.96033,6.16888,0.502248,-1.06319,6.3821,0.558363,1.20233,0.150766
"19",0.683407,3.14766,1.50339,0.75339,0.963399,6.06279,0.447117,-0.544475,6.84952,0.561059,0.911468,0.163415
"20",0.612233,2.84698,1.52683,0.817915,0.972146,6.23056,0.398759,-0.29802,7.52593,0.551092,1.07678,0.166874
"21",0.478821,2.67394,1.98401,0.791344,0.982196,6.10411,0.37472,-0.734363,7.08815,0.537558,1.19816,0.154423
"22",0.235328,1.84286,2.00782,0.811186,0.998685,6.36584,0.579146,-0.739806,6.34479,0.585884,0.906346,0.165369
"23",0.353558,2.42048,2.14176,0.744896,0.918738,6.19168,0.70956,-0.0504519,6.95176,0.543583,1.21208,0.156943
"24",0.482128,2.90372,2.02518,0.798027,0.981828,6.007,0.463747,-2.18002,6.43101,0.572163,1.0442,0.1654
"25",0.742245,3.37444,1.19624,0.788056,0.917377,5.80322,0.422603,-0.941329,7.3048,0.555927,1.18002,0.168636
"26",1.00451,3.94912,0.97232,0.792415,0.973291,6.00179,0.563825,-2.65669,6.00538,0.568688,0.888493,0.154126
"27",1.01699,3.6081,1.08707,0.786459,0.964117,6.26789,0.580932,-1.21395,6.55648,0.577545,1.0356,0.17406
"28",0.822114,3.31208,2.11471,0.782406,0.983936,6.08689,0.466923,-0.96484,6.21657,0.553584,1.02615,0.151065
"29",0.856129,3.46523,1.03753,0.757965,0.930525,5.8309,0.487571,-1.80046,6.83925,0.590972,0.689001,0.154388
"30",0.676043,2.80921,1.3629,0.797074,0.977373,6.26574,0.527277,-0.687045,6.05778,0.546368,1.14331,0.159792
"31",0.656248,2.70565,1.37126,0.818673,0.981503,5.95173,0.663324,-0.360204,6.53592,0.561144,1.16668,0.16595
"32",0.67228,2.77121,1.24449,0.806774,0.977909,5.86811,0.4224,-0.331377,7.67938,0.548062,1.1036,0.16155
"33",0.716084,2.35056,1.32941,0.791924,0.964229,6.03427,0.689225,-0.971123,6.53795,0.559784,1.13935,0.159313
"34",0.64541,2.22977,1.60954,0.834375,0.995481,6.48856,0.471341,-0.615548,7.3741,0.552143,1.23965,0.152722
"35",0.847579,2.51251,1.48078,0.771462,0.989227,6.0779,0.651513,-0.648929,6.89193,0.579871,0.794394,0.176719
"36",0.812474,2.65413,1.09451,0.807226,0.984206,6.33326,0.497723,-0.368577,7.52542,0.550904,1.2726,0.16365
"37",0.591433,2.60939,1.68157,0.717396,0.870048,5.73095,0.473361,-1.26658,6.34564,0.563417,1.0206,0.16906
"38",0.788438,3.1108,1.64752,0.680025,0.862227,5.52271,0.63391,-0.510663,6.5746,0.585699,0.81554,0.157146
"39",0.677358,3.07473,0.87735,0.822977,0.984615,6.51753,0.603791,-1.08711,6.50046,0.537443,1.34552,0.149995
"40",0.538229,2.67753,1.28546,0.786866,0.962592,6.01411,0.564654,-0.785111,6.95996,0.559114,1.03238,0.165418
"41",0.840915,3.69847,1.16342,0.798184,0.978955,6.26998,0.564461,-0.921449,6.21741,0.554553,1.11793,0.160902
"42",0.995626,3.86962,1.10789,0.793191,0.987632,6.25041,0.49156,-2.35758,6.4995,0.550029,1.11534,0.167052
"43",1.02175,3.91018,1.01853,0.745555,0.921318,5.77659,0.497325,-0.811519,6.19231,0.556992,1.07635,0.166813
"44",1.01712,3.81903,1.0375,0.746923,0.924095,5.76669,0.498951,-0.815896,6.13548,0.55608,1.08548,0.167189
"45",0.870848,3.40813,1.07439,0.817459,0.988221,6.36795,0.582486,-1.02905,6.52844,0.546021,1.10403,0.150097
"46",0.955369,3.22417,0.951175,0.794879,0.985897,6.36748,0.534717,-0.463328,6.77165,0.541675,1.34231,0.158233
"47",0.916284,3.18168,1.11252,0.826418,0.972499,6.33321,0.578902,-1.07229,6.56286,0.546064,1.23208,0.157936
"48",0.797219,3.38986,1.48392,0.737534,0.919796,5.92136,0.50832,-0.979804,6.52324,0.589195,0.484371,0.165342
"49",0.865479,3.53755,1.43002,0.749367,0.960715,5.87191,0.435816,-1.24118,6.50102,0.598639,0.65664,0.166513
"50",0.831568,3.5415,1.40458,0.753863,0.964863,5.81747,0.43728,-1.33385,6.38637,0.603813,0.719225,0.159533
"51",0.83819,3.43051,1.29586,0.738963,0.897075,5.7334,0.611989,-1.28951,6.21643,0.579851,0.917699,0.165291
"52",0.834535,3.30198,1.22552,0.730522,0.92886,5.85615,0.736316,-1.74252,5.73025,0.576041,0.797908,0.16472
"53",0.842552,3.15956,1.22469,0.780585,0.973767,5.99995,0.366997,-0.461602,7.80589,0.534952,1.3929,0.15368
"54",0.885598,3.27791,1.01556,0.825251,0.982658,6.32167,0.65063,-1.50425,6.30327,0.564702,0.978074,0.165469
"55",1.01919,3.47715,0.975678,0.707253,0.873263,5.84983,0.376017,-0.613283,7.16258,0.537025,1.33398,0.158269
"56",0.933706,3.51982,1.10045,0.85012,0.992013,6.32925,0.644664,-0.914498,6.45314,0.547146,1.16811,0.158533
"57",0.995498,3.66557,1.05141,0.801104,0.989737,6.32815,0.452269,-1.58459,6.20579,0.534612,1.27551,0.151675
"58",0.82284,2.78891,1.10481,0.755382,0.920519,5.83422,0.301571,-0.639749,7.47614,0.575075,0.836168,0.156888
"59",0.71385,2.31606,1.48452,0.752841,0.894015,5.84259,0.496655,-0.4228,6.95512,0.519431,1.61686,0.150515
"60",0.71513,2.1676,1.58774,0.759039,0.918554,5.78896,0.570086,-0.68453,7.29882,0.57493,0.937431,0.161262
"61",0.56724,2.09592,1.63637,0.794166,0.949905,6.13785,0.67281,-0.333672,7.48978,0.542117,1.30871,0.162445
"62",0.534907,1.77327,1.70239,0.797863,0.979598,6.05887,0.711621,-0.0207441,6.6865,0.56564,1.07242,0.158444
"63",0.553048,1.99322,2.21422,0.78143,0.951903,6.12069,0.536462,-0.61647,6.91372,0.557685,1.04718,0.157543
"64",0.732774,2.17926,1.62209,0.791472,0.961225,6.11645,0.62771,-0.649356,6.97986,0.566196,1.02623,0.174211
"65",0.787361,2.33515,1.47532,0.803841,0.979768,6.18847,0.327199,-0.549921,7.39724,0.568947,0.975388,0.150636
"66",0.807058,2.43356,1.32739,0.764836,0.92481,5.94203,0.471511,-0.317202,7.00099,0.542006,1.1458,0.169973
"67",1.10071,3.10155,0.654668,0.801976,0.981084,6.1628,0.373249,-1.29678,6.88339,0.561959,1.06687,0.150006
"68",0.924118,2.52583,0.946288,0.782352,0.951949,6.15969,0.470638,-0.205421,8.25692,0.539887,1.31009,0.148577
"69",0.867152,2.66358,0.974974,0.787622,0.987289,6.19308,0.744884,-0.217426,7.16218,0.56321,0.940215,0.174343
"70",0.787663,2.78711,0.932205,0.790108,0.988066,6.13424,0.457457,-0.734376,6.85937,0.585071,0.824581,0.16535
"71",0.910565,3.38042,0.975447,0.769925,0.945944,6.00769,0.674325,-0.848924,6.4094,0.568014,0.964268,0.160948
"72",0.970142,3.61623,1.10195,0.795244,0.96954,6.35088,0.581384,-1.655,6.06654,0.551287,1.05769,0.169865
"73",1.00484,3.47868,0.86721,0.758546,0.945257,5.77604,0.489521,-0.51162,6.81246,0.551295,1.01867,0.145195
"74",0.46968,1.671,1.72248,0.81161,0.987122,6.20072,0.570791,-0.333057,7.09773,0.538302,1.2541,0.157078
"75",0.74375,2.18449,1.33275,0.783411,0.956703,5.97989,0.337899,-0.522198,7.3058,0.553995,1.12746,0.152625
"76",0.811984,2.45327,1.19396,0.801195,0.973669,6.44638,0.343488,-0.443678,7.72813,0.526666,1.37499,0.163768
"77",0.827015,2.92996,1.31342,0.767494,0.932644,6.11456,0.591384,-1.0243,6.23939,0.578357,0.89308,0.153291
"78",0.481516,2.31352,1.95272,0.746275,0.95063,6.06421,0.296791,-0.321577,7.90639,0.55579,0.961259,0.172157
"79",0.579868,2.56076,1.48632,0.783621,0.966151,6.04628,0.393959,-0.653189,7.21408,0.539978,1.22625,0.148774
"80",0.743228,2.46064,1.63736,0.79795,0.968464,6.0732,0.565574,-0.473148,6.75831,0.570616,0.967464,0.173312
"81",0.784104,2.61297,1.18985,0.804412,0.974936,6.28163,0.394749,-0.641631,7.27125,0.544468,1.25245,0.151449
"82",0.522943,2.26717,1.62855,0.786254,0.952517,5.97577,0.567037,-0.285361,6.77216,0.557978,0.914945,0.170128
"83",0.489347,2.56374,1.78147,0.767456,0.946384,6.19573,0.480744,-0.553271,6.68777,0.565885,1.03093,0.154792
"84",0.888564,4.29752,0.690267,0.803548,0.976203,6.05022,0.534033,-0.999204,7.14984,0.546626,1.15262,0.133685
"85",0.984874,4.54772,0.390507,0.821358,0.991203,6.31632,0.512608,-2.63819,6.45932,0.552248,1.18748,0.148235
"86",0.82858,3.60461,1.21532,0.744982,0.934971,6.01967,0.564318,-0.74869,6.55246,0.560544,1.12924,0.16751
"87",0.829829,3.74793,1.37345,0.824632,0.989019,6.51122,0.486211,-1.5786,6.18309,0.533608,1.27413,0.156708
"88",0.879108,3.86948,1.60165,0.819847,0.984981,6.1273,0.608474,-1.10337,6.52302,0.542571,1.27764,0.15931
"89",0.960961,4.01543,1.56383,0.828361,0.979424,6.4933,0.536569,-1.61912,6.34278,0.552219,1.18942,0.158439
"90",0.873322,4.22038,1.49445,0.783191,0.955351,5.82354,0.661831,-0.85563,6.79031,0.564166,1.04541,0.160064
"91",0.976712,4.18607,1.28411,0.727439,0.888883,5.8715,0.65837,-2.46517,6.11819,0.557072,0.96083,0.163649
"92",0.746977,3.91893,1.94582,0.752167,0.923833,5.79099,0.467075,-0.948959,7.26836,0.581931,0.803345,0.163855
"93",0.766623,3.74304,1.72571,0.709793,0.878355,5.76242,0.590768,-2.73526,6.1245,0.544043,1.33107,0.1637
"94",0.715282,3.69681,1.55672,0.762114,0.953528,5.85141,0.484333,-1.36973,6.5676,0.551893,1.12636,0.166137
"95",0.605204,3.27515,1.41222,0.790816,0.974443,6.12663,0.587896,-1.36992,6.33087,0.559155,1.17374,0.158928
"96",0.571283,3.35384,1.43233,0.783715,0.950861,6.02914,0.378697,-1.28935,6.49078,0.549422,1.02861,0.167088
"97",0.605833,3.3989,1.33797,0.794795,0.978872,6.09919,0.420021,-1.09562,6.52533,0.548728,1.04769,0.160558
"98",0.730524,3.1724,1.38603,0.779882,0.981725,6.15271,0.438828,-0.617977,7.67344,0.548999,1.24905,0.155954
"99",0.719076,3.22386,1.40725,0.818873,0.9694,6.357,0.411942,-0.746928,6.52305,0.563493,1.10818,0.164631
"100",0.602088,3.12513,1.52498,0.773004,0.958491,6.30771,0.438717,-1.3953,6.20516,0.536758,1.39027,0.170692
"101",0.529625,2.66968,1.04008,0.757867,0.952213,5.82785,0.412366,-0.470892,7.2826,0.571835,0.946221,0.169436
"102",0.685831,2.4407,1.38548,0.775989,0.959302,6.34149,0.761334,-0.540807,6.56353,0.545762,1.17624,0.151036
"103",0.709929,3.074,1.57468,0.792878,0.978946,6.16823,0.399582,-0.322566,7.80265,0.579734,0.946423,0.169173
"104",0.714769,3.15362,1.65196,0.795493,0.979376,6.139,0.501602,-1.13676,6.43701,0.568486,0.835844,0.164193
"105",0.787837,3.58497,1.54681,0.803309,0.961114,6.16827,0.552379,-1.21804,6.22422,0.547512,1.10778,0.167371
"106",0.77088,3.40155,1.48797,0.821945,0.995263,6.48391,0.53235,-1.47434,6.45359,0.564954,1.10987,0.15464
"107",0.937184,3.76849,1.41814,0.827377,0.983108,6.18259,0.326938,-0.433072,7.15001,0.541518,1.23375,0.169095
"108",0.897343,3.68421,1.15635,0.785323,0.939022,6.24788,0.439044,-0.85201,6.91851,0.538432,1.33385,0.159211
"109",0.964438,3.74569,0.886416,0.787217,0.978326,6.23674,0.52552,-1.52175,6.47489,0.569647,0.976815,0.154158
"110",0.925269,3.59662,0.95863,0.778696,0.967515,6.12261,0.446981,-1.57476,6.17042,0.558687,1.04729,0.156499
"111",0.924419,3.55633,1.22552,0.787323,0.947255,6.15963,0.46028,-1.37442,6.53537,0.549533,1.23769,0.165979
"112",0.753481,3.07112,1.55691,0.782028,0.970486,6.28599,0.410878,-0.500342,6.94577,0.573726,0.810497,0.157742
"113",0.718844,3.04352,1.68504,0.765918,0.968403,6.16675,0.441092,-0.645015,7.1068,0.585708,0.781891,0.162374
"114",0.730311,3.2739,1.5522,0.760573,0.947211,6.16339,0.532716,-1.90963,6.174,0.557646,1.06868,0.166457
"115",0.708195,3.07453,1.57076,0.790538,0.976493,6.0719,0.575611,-0.973097,6.38796,0.576854,0.873273,0.167188
"116",0.772174,3.02635,1.36143,0.760272,0.924062,5.9767,0.55509,-0.91608,6.60837,0.535627,1.42105,0.151844
"117",0.79288,2.92055,1.52373,0.791328,0.957614,6.21926,0.572644,-1.02619,6.17515,0.536251,1.17251,0.139763
"118",0.706963,3.00712,1.4193,0.814712,0.976992,6.48813,0.426717,-0.411162,7.43512,0.549071,1.38176,0.167266
"119",0.755312,2.85968,1.33026,0.664047,0.857758,5.48652,0.514733,-0.967951,6.19055,0.570422,0.873226,0.15152
"120",0.904583,3.33852,1.12573,0.798204,0.95999,6.26366,0.484666,-0.678052,6.98937,0.571966,1.07906,0.161943
"121",0.433628,2.38396,2.04796,0.72521,0.921988,5.79416,0.503362,-0.474533,6.89916,0.568298,0.806585,0.169896
"122",0.678472,2.97097,1.3507,0.801576,0.978791,6.27428,0.604402,-1.17967,6.13038,0.544714,1.11557,0.151865
"123",0.754589,2.79998,1.0445,0.821549,0.984886,6.37613,0.671394,-0.756007,6.47531,0.553592,1.1745,0.153517
"124",0.516362,2.92859,1.55464,0.801052,0.976328,6.21402,0.444395,-0.656695,7.09171,0.556405,1.26561,0.159861
"125",0.328159,2.67681,2.1997,0.798108,0.97026,6.1833,0.427022,-0.757948,7.15146,0.557676,0.969391,0.160675
"126",0.487725,2.81414,2.00966,0.773497,0.96914,6.03722,0.54262,-0.577972,6.74728,0.543244,1.34747,0.150923
"127",0.445493,2.84469,1.86883,0.762828,0.972887,6.09187,0.56513,-0.708768,6.4604,0.567955,0.894633,0.160418
"128",0.737959,2.88091,1.47736,0.764866,0.927441,6.03745,0.627427,-0.731571,6.54828,0.551751,1.30387,0.168039
"129",0.756341,3.01724,1.34729,0.758571,0.960965,5.88934,0.503485,-1.1934,6.34959,0.548776,1.22499,0.151939
"130",0.68376,2.93623,1.29507,0.831763,0.987583,6.29242,0.584179,-0.576653,6.42316,0.557281,1.23117,0.167743
"131",0.538621,2.88278,1.11929,0.805357,0.983336,6.33522,0.57352,-0.902842,6.22428,0.549763,1.18483,0.153057
"132",0.596782,2.69991,1.63671,0.768132,0.935004,5.96402,0.472158,-0.428062,7.2002,0.569188,1.18117,0.170107
"133",0.717407,2.55871,1.31854,0.767301,0.938461,5.88021,0.573824,-0.624476,6.41366,0.58509,0.845578,0.1657
"134",0.648721,2.45219,1.6635,0.710907,0.881625,5.80777,0.706812,-0.417233,6.75699,0.569183,0.917863,0.170443
"135",0.783156,2.48169,1.44233,0.795638,0.980688,6.33069,0.60695,-0.0594549,7.32723,0.556913,1.20114,0.157804
"136",0.669629,2.05217,1.23263,0.800452,0.978202,6.17077,0.551475,-1.15352,6.77602,0.558357,1.02424,0.165895
"137",0.695759,1.99303,1.19083,0.803033,0.979941,6.29706,0.509921,-1.14998,6.58806,0.552738,1.0809,0.163422
"138",0.712111,1.96669,0.887596,0.732699,0.930078,5.86571,0.700018,-0.19084,7.46041,0.568603,0.98475,0.159744
"139",0.603127,1.88437,1.28731,0.809808,0.976033,6.12802,0.443453,-0.951949,6.8853,0.544833,1.2478,0.158826
"140",0.625325,1.80153,1.35314,0.775092,0.964862,6.06021,0.700945,-0.185975,7.22693,0.549077,1.09574,0.165469
"141",0.645821,2.3984,1.21229,0.764082,0.955731,5.98931,0.699556,-0.0909704,6.36482,0.550048,1.10997,0.15843
"142",0.587842,1.93507,1.40225,0.753802,0.932297,5.65252,0.703515,-0.287725,6.10385,0.564414,1.15502,0.150834
"143",0.745156,2.63478,1.0146,0.784673,0.991654,6.23297,0.521675,-0.0549361,7.2558,0.567925,1.0373,0.167346
"144",0.833533,3.13358,0.828357,0.777343,0.961849,5.98822,0.722196,-0.701316,6.81682,0.569711,0.950596,0.156319
"145",0.761379,2.8819,0.83674,0.75241,0.949214,5.93338,0.466198,-1.35365,6.16818,0.554603,1.03525,0.160951
"146",0.547729,2.2482,1.87918,0.805175,0.987558,6.3216,0.599891,-0.0995069,7.31698,0.559885,1.02947,0.163333
"147",0.768831,3.04176,1.33755,0.756506,0.947446,6.04016,0.331665,-0.883651,7.22256,0.551517,1.02782,0.165096
"148",0.562766,2.69108,2.12619,0.765232,0.945539,5.77454,0.587902,-0.457099,6.75009,0.572967,0.801964,0.161971
"149",0.781866,3.12914,1.54237,0.706508,0.889973,5.76818,0.538256,-1.04314,6.20478,0.559839,0.926993,0.162365
"150",0.7365,3.43862,1.44615,0.757073,0.926044,5.89358,0.488627,-0.507908,7.19194,0.580663,0.997162,0.148239
"151",1.03845,3.85186,1.13945,0.734118,0.937321,6.04074,0.533614,-1.14978,6.88463,0.55118,1.20648,0.141066
"152",0.902389,3.52376,1.3753,0.749097,0.913524,5.67164,0.556297,-1.85568,6.61888,0.570325,0.956958,0.178638
"153",0.980194,3.81449,0.964833,0.694912,0.870273,5.71912,0.652518,-0.962938,6.26807,0.561155,1.14383,0.14259
"154",1.03324,3.90346,0.826294,0.774524,0.938705,5.94606,0.40138,-0.898412,6.806,0.542743,1.10541,0.15223
"155",1.20423,3.86025,0.731701,0.777192,0.964825,6.25203,0.615506,-0.899652,6.34629,0.575731,0.823672,0.164244
"156",1.14682,3.33995,0.714828,0.813972,0.971841,6.17151,0.665583,-1.3582,6.58878,0.538236,1.33416,0.153862
"157",0.82659,2.90152,1.17715,0.766156,0.952245,6.0023,0.464582,-0.538552,6.70359,0.547479,1.12167,0.149625
"158",0.927057,3.03587,1.07328,0.772923,0.927813,5.99021,0.486381,-0.864404,7.18728,0.547094,1.18885,0.162273
"159",0.779365,3.37006,1.34991,0.770533,0.94232,6.03091,0.491717,-1.88462,6.25993,0.565377,0.985052,0.165272
"160",0.580131,2.40174,1.8808,0.79815,0.964932,6.24936,0.412325,-0.549715,6.74984,0.568682,1.01633,0.161647
"161",0.682059,2.68037,1.81502,0.768004,0.966214,5.98018,0.586994,-0.136341,6.89135,0.55168,1.02624,0.159796
"162",0.594034,2.51609,1.43069,0.799199,0.970219,6.14506,0.45774,-0.152774,7.9253,0.5419,1.1975,0.157988
"163",0.578704,2.27063,1.55517,0.791453,0.965655,6.12136,0.414078,-1.36372,7.17166,0.548046,1.09401,0.149303
"164",0.598294,2.97462,1.7085,0.763218,0.948543,6.04252,0.736955,-0.0840055,7.45746,0.559649,0.96617,0.171635
"165",0.797824,3.00616,1.15941,0.806449,0.977353,6.38634,0.507408,-1.36479,6.08801,0.554009,1.12332,0.153232
"166",0.738886,2.85868,1.27436,0.810557,0.987303,6.36401,0.554273,-0.640407,6.89622,0.549848,1.03015,0.168987
"167",0.795431,2.79869,1.28364,0.79838,0.964329,6.26964,0.426632,-0.609831,7.18579,0.579361,1.09474,0.159807
"168",0.561294,2.36137,1.9311,0.668918,0.849467,5.61144,0.485794,-0.476402,7.19419,0.567785,0.932631,0.160452
"169",0.709098,3.27514,1.57842,0.828287,0.962464,5.92988,0.44513,-0.570017,6.96187,0.543624,1.29902,0.159153
"170",0.597507,3.10528,1.67797,0.812186,0.966838,6.156,0.5197,-1.95147,6.1108,0.570237,0.918303,0.162084
"171",0.737403,3.26772,1.76197,0.795627,0.991177,6.37403,0.468597,-1.04665,6.27236,0.573245,0.928103,0.175227
"172",0.659647,3.03887,1.60408,0.809343,0.989098,6.10597,0.530845,-0.922483,7.21437,0.563906,1.13119,0.156047
"173",0.734837,2.23741,1.42761,0.75657,0.937532,5.87638,0.519469,-0.867713,7.0297,0.55585,1.24419,0.162746
"174",1.03583,3.025,0.999894,0.80842,0.972457,6.22061,0.512208,-0.894603,7.22942,0.552058,1.12315,0.160992
"175",0.801737,2.5832,1.44152,0.763491,0.929158,5.72111,0.559796,-0.681577,6.67624,0.570466,1.18501,0.161831
"176",0.852726,2.55976,1.62587,0.686238,0.87582,5.85145,0.327358,-0.241872,7.80883,0.558214,1.19643,0.166578
"177",0.931245,2.8847,1.35116,0.818425,0.985252,6.53176,0.271709,-0.269755,7.83128,0.569613,1.03176,0.162167
"178",0.967803,2.72043,1.25216,0.781363,0.965382,6.05209,0.519019,-0.478352,7.38609,0.548512,1.24433,0.161781
"179",0.982814,3.00418,1.35332,0.784493,0.967017,6.18108,0.424334,-0.355604,7.73592,0.561659,1.16921,0.161187
"180",0.865985,2.70259,1.15712,0.787277,0.971602,6.36064,0.484396,-0.35567,7.51728,0.545013,1.2315,0.146471
"181",0.980913,3.26278,0.871488,0.781116,0.973914,6.10217,0.362984,-0.374003,7.44709,0.528171,1.37513,0.164614
"182",0.932981,3.08463,1.1021,0.774758,0.97609,6.16427,0.654855,-0.611755,6.16054,0.585592,0.815523,0.166101
"183",0.887788,3.311,1.34599,0.777774,0.961507,6.34403,0.63691,-0.869632,6.38446,0.526005,1.41818,0.161102
"184",0.864601,3.35635,1.34826,0.786487,0.951018,6.26613,0.630003,-1.18921,6.187,0.528662,1.38834,0.155721
"185",0.923199,2.86958,0.967077,0.80488,0.98425,6.36248,0.485209,-0.737558,7.1757,0.570957,1.02579,0.16502
"186",0.60861,2.32139,1.60603,0.696363,0.841033,5.73896,0.54281,-0.82543,6.82428,0.544247,1.25575,0.157984
"187",0.647062,3.02879,1.33138,0.797255,0.98369,6.37569,0.450918,-0.744377,7.03561,0.568926,0.952884,0.163306
"188",0.615813,2.82903,1.85551,0.753854,0.93596,6.33896,0.421949,-0.582816,7.20875,0.543657,1.16295,0.157838
"189",0.686305,2.53279,1.5325,0.770473,0.970201,6.27295,0.5069,-1.34488,6.42713,0.580102,0.933821,0.166561
"190",0.446848,2.43197,2.30466,0.733631,0.893858,5.48081,0.651313,-0.214281,7.00391,0.559275,1.13908,0.162796
"191",0.589971,2.72802,2.14854,0.77698,0.953126,6.07643,0.566763,-0.491212,7.27295,0.574362,0.912103,0.165015
"192",0.603264,2.47521,2.15492,0.787799,0.971675,6.15338,0.369235,-0.266354,7.61669,0.554055,1.15511,0.155934
"193",0.790074,3.63702,0.797268,0.790284,0.978752,6.30909,0.643264,-0.835454,6.76408,0.549753,1.10191,0.153283
"194",0.693857,3.45895,0.977606,0.817358,0.986602,6.24386,0.490904,-1.13576,6.54717,0.541802,1.35428,0.151621
"195",0.780491,3.11302,1.56272,0.784427,0.99424,6.18041,0.433191,-0.768178,6.60807,0.569827,0.92384,0.171548
"196",0.649542,2.98414,1.43473,0.767605,0.953312,5.8476,0.415312,-0.500529,7.37061,0.550078,1.04012,0.157057
"197",0.702951,2.92859,1.38885,0.778225,0.964495,6.13695,0.639991,-1.45205,5.75949,0.558914,1.13295,0.163377
"198",0.715876,2.93834,1.35098,0.790362,0.982745,6.01114,0.370334,-0.242847,8.09132,0.56419,0.929479,0.166672
"199",0.546104,2.33109,1.58753,0.751787,0.934445,5.84387,0.681325,-0.541834,5.83134,0.563747,1.14353,0.154614
"200",0.946575,3.49177,0.179698,0.816004,0.988076,6.39093,0.569247,-0.249931,7.2246,0.56805,1.15552,0.160732
"201",0.981055,3.36019,0.150566,0.806895,0.980367,6.24288,0.659751,-0.489955,7.15805,0.568243,1.13799,0.163327
"202",0.339763,2.29118,1.31258,0.762552,0.954424,6.12093,0.560976,-1.26837,5.97616,0.577564,0.961336,0.167439
"203",0.426413,2.52746,1.53023,0.824844,0.976144,6.22207,0.639475,-0.298906,6.99036,0.557456,1.33963,0.157262
"204",0.494307,2.48711,1.52231,0.802894,0.981648,6.49283,0.475613,-0.355519,7.10618,0.558416,0.971345,0.16217
"205",0.497265,2.85563,1.54385,0.743156,0.934492,5.94801,0.531956,-0.572466,6.58541,0.578735,0.97811,0.15424
"206",0.451183,2.59509,1.64374,0.754718,0.915114,5.83893,0.58097,-0.5615,6.65092,0.565441,1.18069,0.160401
"207",0.531589,2.7946,1.76546,0.749284,0.917951,5.8877,0.586174,-0.925172,6.5071,0.540118,1.13648,0.160483
"208",0.562701,2.58779,1.51568,0.735501,0.912207,5.87365,0.464083,-0.632327,7.06216,0.566973,0.909198,0.157794
"209",0.680982,2.6477,1.21294,0.789523,0.962828,6.08506,0.689655,-0.942142,6.20696,0.561997,1.01941,0.171056
"210",0.598716,2.58113,1.50661,0.776961,0.976627,6.27831,0.440847,-0.593051,7.03831,0.532511,1.32127,0.160901
"211",0.66607,2.77992,1.88309,0.820615,0.95396,6.18755,0.466472,-0.228367,7.54458,0.566384,1.14255,0.165401
"212",0.710126,2.80878,1.85257,0.799457,0.975719,6.41518,0.441597,-0.163075,7.9042,0.552423,1.1325,0.168344
"213",0.83846,2.93534,1.04467,0.760311,0.944867,5.94005,0.640254,-1.31148,5.97692,0.542672,1.20502,0.150348
"214",0.901643,2.77148,1.08749,0.782669,0.960287,6.19247,0.370367,-0.523108,7.3523,0.573645,0.945545,0.167027
"215",0.796339,3.16343,1.36036,0.786139,0.973708,6.1437,0.485826,-0.931138,6.49169,0.568645,0.977961,0.170163
"216",0.827256,3.11039,1.00704,0.805483,0.954153,6.183,0.553868,-1.27904,6.36482,0.549701,1.32899,0.156274
"217",0.897481,3.35955,1.92538,0.79418,0.982931,5.9985,0.425161,-0.73577,7.22138,0.568231,0.855795,0.166437
"218",0.877375,3.00745,1.68408,0.797019,0.956499,6.21336,0.645571,-1.65094,6.03689,0.553201,1.25727,0.161756
"219",0.924352,3.07819,1.27395,0.791634,0.986591,6.28576,0.38604,-0.23238,7.69148,0.557559,1.14423,0.167029
"220",0.856872,2.69373,1.49809,0.827247,0.991647,6.45781,0.694663,-1.55443,6.29783,0.562952,1.12173,0.15857
"221",0.813827,2.7216,1.35948,0.756455,0.947357,6.17126,0.316931,-0.714639,7.11841,0.557813,1.10368,0.164896
"222",0.584075,2.40821,1.55323,0.779963,0.985579,6.11041,0.214121,-0.319654,8.49722,0.556941,1.11671,0.161273
"223",0.528275,2.26813,1.87542,0.781863,0.943215,6.17283,0.687555,-0.23336,6.46346,0.534675,1.5059,0.160859
"224",0.786008,2.4515,1.23716,0.757233,0.933049,5.98628,0.605554,-0.973856,6.73878,0.556806,0.982518,0.156445
"225",0.667024,2.65347,1.60107,0.801872,0.981233,6.28351,0.405122,-0.213616,7.60559,0.561672,1.01918,0.16874
"226",0.574659,2.50103,1.64926,0.747612,0.957856,6.16299,0.517403,-0.341971,6.68299,0.547363,1.19793,0.159802
"227",0.646108,2.57243,1.50039,0.814727,0.982847,6.12292,0.481683,-0.323878,6.32232,0.574329,1.12709,0.159143
"228",0.76859,2.85037,0.994484,0.757083,0.95132,6.18351,0.553314,-0.271232,6.63217,0.550296,1.37324,0.144273
"229",0.821801,3.06664,1.78599,0.792501,0.988279,6.43319,0.444049,-2.40588,6.03945,0.575106,0.863215,0.184019
"230",0.850795,3.38303,1.73058,0.767705,0.954672,5.93548,0.701007,-0.403246,7.24506,0.553132,1.21921,0.152808
"231",0.630534,2.83649,1.01048,0.803899,0.987751,6.15759,0.79935,-1.02343,6.72885,0.572713,1.1058,0.160656
"232",0.628926,2.96871,0.983922,0.81076,0.977421,6.40009,0.44442,-0.151702,7.20287,0.557037,1.01078,0.160946
"233",0.596245,3.36304,1.76946,0.751424,0.926571,6.00446,0.712041,-0.467005,5.94681,0.549769,1.11833,0.159863
"234",0.522826,3.13093,1.79982,0.805297,0.991466,6.25881,0.531,-0.473337,6.40296,0.559109,1.17529,0.155204
"235",0.183537,2.35835,2.37818,0.790677,0.964128,6.15352,0.641693,-1.07383,6.38611,0.552573,1.10168,0.16519
"236",0.19272,2.44132,2.1467,0.806776,0.986542,5.97964,0.605813,-0.424409,7.12596,0.570231,1.05308,0.154623
"237",0.317163,2.1835,1.75861,0.736698,0.944579,6.01303,0.464616,-0.33263,7.33708,0.571631,0.997396,0.172691
"238",0.584295,2.91848,1.72187,0.808232,0.985332,6.2608,0.548922,-2.4149,6.01527,0.563197,1.00945,0.153865
"239",0.546891,2.90336,1.40387,0.751668,0.937462,5.91701,0.51315,-0.405098,7.55454,0.53357,1.24966,0.15393
"240",0.680798,3.34408,1.48387,0.803648,0.997869,6.31168,0.672734,-0.879617,6.16125,0.57151,0.973126,0.178707
"241",0.700885,3.43128,1.39611,0.788582,0.992389,6.57421,0.523133,-0.580573,7.49326,0.574458,1.10353,0.169263
"242",0.646941,2.98152,2.10643,0.73214,0.907363,5.81533,0.709874,-1.76732,6.17927,0.553932,0.974816,0.152309
"243",0.659576,3.06569,2.1104,0.739382,0.91571,5.78201,0.82057,-2.83997,6.16935,0.558719,0.914125,0.155613
"244",0.591091,2.23046,1.60644,0.811162,0.972537,6.43486,0.524314,-0.171317,6.81384,0.545074,1.1925,0.164175
"245",0.638989,2.36738,1.55312,0.780764,0.991913,6.06962,0.749568,-0.0838065,7.23785,0.558497,1.07035,0.16227
"246",0.515271,2.50946,1.88686,0.797215,0.964263,5.98897,0.729332,-0.257161,7.20443,0.568381,1.15505,0.148538
"247",0.626952,2.60088,1.62239,0.819777,0.972675,6.17174,0.370709,-0.81355,7.16035,0.563227,1.13645,0.168983
"248",0.556329,2.64832,1.87299,0.744265,0.937299,5.95329,0.524889,-0.59494,6.90311,0.559365,1.14031,0.159899
"249",0.555639,2.76943,1.15911,0.77889,0.960984,6.20206,0.561157,-0.215109,7.11045,0.554572,1.18614,0.165667
"250",0.169793,2.32164,2.19025,0.787557,0.939245,6.09534,0.713764,-0.739154,6.26534,0.557456,1.0897,0.163013
"251",0.459897,2.19668,2.06586,0.809695,0.992753,6.3766,0.548145,-0.214303,6.98112,0.573189,1.0016,0.164512
"252",0.802275,3.20665,1.20195,0.819466,0.989952,6.29842,0.522855,-1.31958,6.31978,0.536457,1.19453,0.150261
"253",0.693589,3.02626,1.23999,0.775281,0.941806,6.14279,0.523722,-0.349418,6.77542,0.551177,1.14353,0.160332
"254",0.708525,3.08916,1.23667,0.767559,0.939733,6.14694,0.558978,-1.08799,6.71354,0.557742,1.28743,0.161087
"255",0.549998,2.86119,0.863571,0.7644,0.964954,6.01608,0.703105,-1.00536,6.12532,0.571033,0.844199,0.178577
"256",0.601457,3.06479,1.40958,0.7489,0.937655,5.89809,0.69636,-0.6423,6.56503,0.577603,0.933763,0.153015
"257",0.610795,3.09775,1.74163,0.820529,0.992108,6.17371,0.559074,-0.712826,7.03185,0.554322,1.08379,0.165557
"258",0.90154,2.92345,1.07341,0.709387,0.905268,5.71881,0.699189,-1.44394,6.83014,0.564543,1.00585,0.166129
"259",0.600854,2.75216,1.48682,0.794931,0.979289,6.20035,0.554476,-0.286641,6.64438,0.558924,1.07631,0.157453
"260",0.509671,2.98234,1.81266,0.721486,0.911328,5.75499,0.622676,-0.540095,6.51013,0.570995,0.925718,0.166359
"261",0.408877,2.57142,2.24434,0.781734,0.960364,6.09465,0.52122,-1.19675,6.26343,0.564514,1.03312,0.161427
"262",0.372798,1.9514,1.8252,0.713459,0.890562,5.77148,0.537676,-0.0569565,6.77379,0.545595,1.18131,0.147153
"263",0.546125,2.34191,1.51186,0.73434,0.904965,5.63713,0.629647,-0.409437,7.00343,0.555165,0.980442,0.155496
"264",0.614076,2.15687,1.58724,0.815483,0.985449,6.28266,0.325943,-0.238939,7.77897,0.549432,1.25891,0.167752
"265",0.699563,2.25995,1.54494,0.807593,0.978378,6.43566,0.378351,-1.30081,6.89771,0.553547,1.09685,0.158085
"266",0.483574,1.78137,1.58297,0.789966,0.963318,6.17436,0.753554,-0.644336,6.47665,0.566382,1.04688,0.168041
"267",0.703703,1.82079,0.915474,0.754356,0.966313,6.05188,0.4438,-0.221952,7.87642,0.559853,1.03104,0.150282
"268",0.823992,2.24357,1.43767,0.78728,0.984421,6.47874,0.728765,-0.132927,7.64592,0.560226,0.956153,0.160338
"269",0.958848,2.86422,1.32224,0.787359,0.968612,6.07839,0.418114,-1.17123,6.88038,0.526143,1.4041,0.164146
"270",0.536631,2.1649,1.8587,0.775586,0.985648,6.1813,0.679705,-0.0251531,6.99749,0.570948,0.886941,0.156561
"271",0.556241,2.33907,1.85269,0.812033,0.964076,6.24447,0.610129,-0.0525973,7.3743,0.566033,1.10967,0.171068
"272",0.423147,2.18067,1.99794,0.774154,0.976933,6.11961,0.500219,-0.36696,7.1393,0.560664,0.992887,0.167495
"273",0.542012,2.30881,1.68578,0.823646,0.988272,6.32565,0.518672,-0.274122,7.35899,0.559658,1.08792,0.152334
"274",0.439879,2.40718,1.53639,0.797119,0.941529,6.05422,0.646629,-0.354187,6.84569,0.553009,1.21062,0.162088
"275",0.477356,2.41221,1.60605,0.806295,0.985244,6.38568,0.518541,-0.494506,7.24672,0.532446,1.43229,0.150534
"276",0.508918,2.77515,1.72372,0.797108,0.984256,6.16203,0.614273,-1.04128,6.16603,0.553598,0.929148,0.174224
"277",0.558613,2.99215,1.68971,0.784608,0.977405,6.25457,0.467373,-1.13552,6.36813,0.562093,1.16893,0.15759
"278",0.593126,3.08878,1.67502,0.774777,0.977794,6.22965,0.549294,-1.54834,6.10053,0.572615,0.943583,0.156732
"279",0.332956,2.70929,2.21565,0.774511,0.978874,5.92136,0.483641,-0.553617,7.09349,0.583659,0.697007,0.155818
"280",0.529233,2.73939,1.77291,0.788353,0.965819,6.15048,0.382368,-0.522542,7.26053,0.537622,1.25821,0.177273
"281",0.527479,2.78935,1.86293,0.805923,0.966686,6.04637,0.363237,-0.535591,7.40878,0.558143,1.07947,0.152223
"282",0.573912,2.57688,1.39361,0.799429,0.98455,6.34458,0.585159,-0.616718,6.5096,0.577104,0.877909,0.162552
"283",0.65051,3.20557,1.18581,0.782733,0.934233,6.09448,0.517866,-0.867013,6.26369,0.532511,1.34111,0.158335
"284",0.718845,2.97145,1.75592,0.785134,0.981629,6.24257,0.460306,-0.969169,6.54911,0.553779,1.16551,0.156665
"285",0.595085,2.68619,1.58316,0.77112,0.962805,5.97999,0.500089,-1.06456,6.23992,0.574351,0.868931,0.172859
"286",0.648694,3.20289,1.31855,0.780504,0.980058,6.08749,0.49905,-0.772811,6.78623,0.556784,1.06362,0.167501
"287",0.612851,3.13624,1.53485,0.792356,0.963401,6.13563,0.561442,-2.21155,6.08242,0.56404,0.977891,0.165625
"288",0.662261,3.29077,1.27004,0.794778,0.972663,6.18735,0.559909,-0.883153,6.68165,0.541208,1.42426,0.156066
"289",0.645771,3.05015,1.3037,0.787816,0.963677,6.17207,0.595703,-1.58371,6.31717,0.558373,1.24236,0.158497
"290",0.494517,2.51333,1.60152,0.75556,0.927537,6.03969,0.460869,-0.761343,6.24141,0.556246,1.05916,0.16422
"291",0.44211,2.7972,1.77614,0.758166,0.958522,5.91649,0.698652,-0.569238,6.38199,0.543856,1.13815,0.147309
"292",0.46058,2.74751,2.044,0.795426,0.97759,6.16667,0.666445,-0.571108,6.4944,0.564759,1.14294,0.170299
"293",0.487742,2.89297,1.86778,0.787949,0.975397,6.34552,0.497369,-2.02863,6.14132,0.571712,0.924342,0.157838
"294",0.709742,2.85776,1.51049,0.774654,0.957525,5.9246,0.555855,-0.106085,7.43736,0.563396,1.05134,0.167088
"295",0.647333,2.85069,1.41406,0.781902,0.95109,6.13873,0.407236,-1.15537,6.3523,0.567657,1.05902,0.159863
"296",0.539382,2.60169,1.53731,0.750428,0.943337,5.94328,0.842225,-0.439739,6.16612,0.553992,1.26508,0.158514
"297",0.591519,2.57561,1.54446,0.804415,0.985809,6.30248,0.342111,-0.29665,7.88023,0.562506,1.24155,0.172649
"298",0.61607,3.20315,1.44619,0.757072,0.983651,5.87121,0.618409,-2.16711,5.81557,0.578441,0.770111,0.160533
"299",0.803789,3.16043,1.01376,0.795757,0.95806,5.94923,0.533222,-0.341114,7.09781,0.543422,1.17991,0.171986
"300",0.745015,3.01899,1.04914,0.809455,0.973135,5.84861,0.538042,-1.86846,6.04032,0.560967,0.980962,0.155749
"301",0.661226,3.04134,1.49695,0.783128,0.96758,6.03472,0.432175,-0.403902,7.03437,0.557357,1.17225,0.165182
"302",0.706916,3.2508,1.40344,0.796981,0.967383,6.10799,0.459701,-0.350427,7.5578,0.558319,1.26562,0.174377
"303",0.61227,3.06767,1.67336,0.774969,0.952563,5.90966,0.658358,-1.72989,5.93799,0.567365,0.956186,0.15508
"304",0.675204,3.07488,1.73603,0.74235,0.929882,6.04715,0.37989,-0.3692,7.49086,0.559116,1.0514,0.17286
"305",0.609809,3.08785,1.23194,0.808783,0.979223,6.34105,0.539112,-1.4599,6.28934,0.554206,0.943496,0.162046
"306",0.644752,3.37174,1.25543,0.800936,0.979691,6.09438,0.655184,-0.632972,6.76002,0.568904,0.992284,0.154993
"307",0.66554,3.37987,1.52834,0.765891,0.958311,5.78751,0.732673,-1.1853,6.18876,0.561733,0.95918,0.146624
"308",0.661472,3.48917,1.53304,0.740781,0.925275,5.96136,0.434933,-1.10753,6.71969,0.558415,1.00977,0.171956
"309",0.699373,3.20697,1.43315,0.764575,0.963818,5.95772,0.534413,-0.52878,7.10987,0.591547,0.822716,0.160183
"310",0.520249,2.57908,1.98983,0.759218,0.937527,5.87499,0.367046,-0.264485,7.84695,0.533291,1.17177,0.162349
"311",0.447228,2.37348,1.91847,0.737575,0.924245,5.84009,0.572306,-0.463622,6.45054,0.569885,1.02868,0.155476
"312",0.572045,2.75237,1.47633,0.8049,0.980359,6.13844,0.414786,-0.424513,7.02229,0.566271,0.895001,0.165772
"313",0.561539,2.58908,1.64694,0.748669,0.939241,6.0824,0.702312,-1.74864,6.18969,0.565548,1.06019,0.16319
"314",0.614544,3.02631,1.77184,0.792551,0.984319,6.08165,0.424024,-0.710956,7.00302,0.560207,1.17706,0.170064
"315",0.828762,3.29196,0.845794,0.770727,0.95768,6.12794,0.360218,-0.739998,7.32062,0.537505,1.35349,0.147929
"316",0.75242,2.99768,0.880573,0.774803,0.984161,6.00092,0.722428,-0.816067,6.31867,0.575725,0.890077,0.181152
"317",0.630638,2.99911,1.84251,0.796057,0.954354,6.05616,0.231764,-0.427163,8.14523,0.554729,1.18537,0.166568
"318",0.461287,2.68802,1.67139,0.768715,0.985871,6.13587,0.245059,-0.273838,8.21122,0.590916,0.697304,0.163958
"319",0.647938,2.74172,1.71834,0.748482,0.958146,5.78514,0.105537,-0.357295,8.3273,0.572847,1.09709,0.161938
"320",0.619435,2.66593,1.55705,0.7798,0.981656,6.30663,0.0948948,-0.376005,8.32267,0.571975,0.856661,0.163357
"321",0.805587,2.57074,1.22296,0.806262,0.957149,6.35032,0.199095,-0.499815,7.90945,0.543491,1.31665,0.144121
"322",0.880202,2.59244,1.28709,0.781957,0.984739,6.33749,0.44605,-0.365395,7.30156,0.578116,1.0439,0.164399
"323",0.758186,2.57132,1.44579,0.759459,0.972294,5.89483,0.570929,-0.577662,6.45674,0.577505,1.04397,0.165455
"324",0.811856,2.77471,0.892845,0.79806,0.983545,5.93307,0.410015,-0.286021,7.90098,0.556372,1.09444,0.162952
"325",0.704519,2.33368,1.00561,0.831227,0.993239,6.6793,0.737195,-0.738826,6.14923,0.555906,1.19849,0.157075
"326",0.575734,2.63924,1.3777,0.781409,0.912242,5.66328,0.455207,-0.443701,7.15344,0.57287,1.02279,0.167819
"327",0.533642,2.61342,1.64195,0.802896,0.982777,6.21724,0.634593,-1.32934,6.58379,0.536561,1.22708,0.161766
"328",0.520754,2.58288,1.59549,0.799827,0.976194,6.18454,0.732142,-0.648608,6.52211,0.536234,1.30489,0.164278
"329",0.519757,2.63382,1.59909,0.800456,0.982843,6.44518,0.51456,-0.749059,6.49279,0.53209,1.33744,0.143743
"330",0.547524,2.62362,1.7909,0.754193,0.9669,6.18773,0.449289,-0.65802,6.89266,0.577568,0.899743,0.170332
"331",0.748464,3.08062,0.977751,0.809637,0.986364,6.1291,0.559453,-0.426779,7.00273,0.549608,1.40086,0.151966
"332",0.732441,3.02459,1.45872,0.807351,0.989936,6.37879,0.516989,-0.525294,6.92863,0.573734,0.925904,0.157285
"333",0.712135,3.02139,1.5503,0.794479,0.967135,6.14902,0.635175,-1.09615,6.19346,0.548189,1.13211,0.160305
"334",0.56672,3.02462,1.43021,0.774246,0.962815,5.92353,0.475133,-0.958437,7.00634,0.554538,1.0104,0.174226
"335",0.556575,2.77739,1.39046,0.789522,0.970366,6.34495,0.628495,-1.41746,6.30328,0.555707,1.02303,0.152808
"336",0.655764,3.18776,1.29861,0.8018,0.978394,6.34301,0.588969,-1.0841,6.14446,0.550779,1.15513,0.152427
"337",0.696098,2.67817,1.0389,0.786393,0.9605,5.92349,0.651527,-0.193616,6.81309,0.554328,1.09998,0.162112
"338",0.608605,2.33581,1.2089,0.770327,0.939149,6.22964,0.504636,-0.210096,7.13653,0.566282,1.0152,0.162666
"339",0.440705,2.73074,1.42256,0.80739,0.979569,6.27033,0.698573,-0.219648,7.01083,0.538672,1.25884,0.157288
"340",0.522554,2.84223,1.7117,0.737842,0.920566,6.01668,0.689335,-0.365526,6.54411,0.568505,0.916205,0.174777
"341",0.453751,2.37057,1.90506,0.797092,0.998854,6.27554,0.277499,-0.326478,7.8142,0.545444,1.29634,0.154782
"342",0.499261,2.38617,1.79085,0.81444,0.998635,6.24418,0.265363,-0.56841,7.86395,0.560406,0.929982,0.172988
"343",0.74043,3.07731,1.01275,0.798983,0.985456,6.29332,0.464784,-0.51177,6.84682,0.556223,1.0462,0.15723
"344",0.571266,2.52551,1.84842,0.751839,0.938703,6.04594,0.507159,-0.244156,7.26893,0.558018,1.21519,0.167787
"345",0.549246,2.40108,2.19808,0.782978,0.978837,6.29523,0.5825,-1.30164,6.301,0.553996,1.10587,0.155289
"346",0.629882,2.75137,1.73129,0.813316,0.964163,6.07364,0.633129,-0.377464,6.12079,0.545313,1.23465,0.15513
"347",0.702441,2.95194,1.17858,0.789486,0.986472,5.92348,0.566048,-0.791098,6.76192,0.582325,0.850468,0.165595
"348",0.702988,3.26393,1.39289,0.745088,0.955289,6.25487,0.634605,-0.892558,6.56999,0.54194,1.16211,0.153317
"349",0.665417,3.02729,1.21446,0.797716,0.951959,5.9872,0.496011,-0.536403,6.82887,0.551916,1.08272,0.153021
"350",0.51683,2.31396,1.7638,0.790382,0.989101,6.30475,0.49518,-0.483242,6.25875,0.560891,1.11761,0.172889
"351",0.459253,2.44965,1.68711,0.801105,0.95791,6.12291,0.560742,-0.183847,7.44959,0.577616,1.01115,0.162385
"352",0.632477,2.63223,1.6492,0.735516,0.970923,5.91382,0.456641,-1.00891,6.50757,0.566612,0.978781,0.157674
"353",0.612517,2.61139,1.74447,0.763148,0.941529,5.90871,0.616036,-0.0769549,7.17799,0.55373,1.25073,0.152772
"354",0.634753,2.61007,1.77093,0.756904,0.907003,5.91827,0.604821,-0.226626,6.54004,0.553085,1.17462,0.15712
"355",0.488774,2.82622,1.81645,0.790596,0.969219,6.06516,0.482216,-0.826595,6.09449,0.575172,0.932612,0.16563
"356",0.690051,3.47851,1.7222,0.794025,0.956773,5.91835,0.531264,-0.895494,6.57039,0.552428,1.14689,0.151729
"357",0.767988,3.57738,1.59061,0.788752,0.98488,6.44331,0.515121,-2.37598,6.21474,0.564899,1.00361,0.17163
"358",0.839439,3.42213,1.46289,0.763794,0.9072,6.05278,0.615729,-0.552909,6.86105,0.550085,1.38375,0.143395
"359",0.659652,3.27257,1.30918,0.754193,0.949997,5.77136,0.647441,-2.0662,6.32566,0.570916,0.892811,0.179736
"360",0.636713,3.39404,1.34693,0.756993,0.935185,5.80148,0.618127,-0.76669,6.15111,0.573258,1.02557,0.165809
"361",0.608288,3.40323,1.76878,0.778013,0.936443,6.15709,0.376537,-0.619724,6.8632,0.556382,1.13178,0.163276
"362",0.686671,3.31171,1.54402,0.778331,0.972633,6.01778,0.571422,-0.999641,6.64113,0.571922,0.959087,0.166584
"363",0.812876,3.47462,1.25308,0.79318,0.959021,6.32254,0.305756,-0.638667,7.47768,0.54869,1.2436,0.147362
"364",0.990958,3.90297,1.13628,0.793803,0.974813,6.0515,0.299497,-0.864418,7.55811,0.530896,1.33978,0.156442
"365",0.76975,2.21062,1.59495,0.781835,0.972668,6.01088,0.485691,-0.315541,7.04056,0.583531,0.954554,0.167317
"366",0.753224,2.23984,1.52744,0.787576,0.979375,6.36128,0.461198,-0.451035,6.93898,0.583151,0.760085,0.163931
"367",0.833216,2.71445,1.49174,0.798669,0.981181,5.94802,0.525067,-0.368933,7.21566,0.550532,1.16555,0.165948
"368",0.844526,2.8463,0.892848,0.783627,0.976937,6.14826,0.566592,-0.319894,6.87708,0.5444,1.16666,0.161927
"369",0.819004,2.98549,0.549082,0.816618,0.976631,6.30585,0.554443,-0.619973,6.39468,0.554396,1.13987,0.155744
"370",0.468482,3.03062,1.70652,0.749411,0.900314,5.68077,0.549702,-1.30879,6.24834,0.546865,1.21578,0.173522
"371",0.408838,2.18448,1.36804,0.813456,0.995386,6.08652,0.546482,-0.368526,7.14022,0.547697,1.12708,0.163469
"372",0.458314,2.09862,1.75939,0.766446,0.935298,6.14768,0.526343,-0.296999,7.29343,0.581102,0.801878,0.165051
"373",0.436174,2.19216,1.86465,0.7915,0.993612,6.32564,0.488676,-0.391694,7.28182,0.588811,0.892286,0.171838
"374",0.585851,2.54388,1.61638,0.794549,0.940196,6.03445,0.59795,-0.374523,6.55724,0.55538,1.32461,0.153822
"375",0.721813,2.56227,1.42363,0.773383,0.972155,6.35842,0.419144,-0.42073,7.49945,0.5819,1.00107,0.164632
"376",0.664288,2.33127,1.40384,0.806744,0.971145,6.18352,0.574537,-0.482834,7.10785,0.566329,0.952626,0.153797
"377",0.719613,2.32662,1.24856,0.809744,0.969273,6.07386,0.493881,-0.43121,7.00242,0.565201,0.867684,0.169419
"378",0.733504,2.26995,1.09504,0.773143,0.969891,6.09955,0.563889,-0.358615,7.20602,0.572325,1.0825,0.164629
"379",0.752008,2.27971,1.09626,0.799504,0.969483,6.456,0.45135,-0.595597,7.18814,0.56057,0.861719,0.159692
"380",0.847183,3.00969,1.04102,0.807276,0.990172,5.91822,0.471202,-0.320734,7.02985,0.538097,1.12617,0.158073
"381",0.872676,2.8651,1.13884,0.801707,0.98544,6.11955,0.474553,-0.448511,7.52613,0.559831,1.18586,0.171383
"382",0.744026,2.82141,1.9479,0.781405,0.931802,6.07869,0.583703,-0.736655,6.45551,0.546495,1.33886,0.161969
"383",0.726557,2.81117,1.77575,0.787637,0.977752,6.10109,0.588664,-1.32756,6.04332,0.56263,1.0159,0.175471
"384",0.728842,3.08289,1.32513,0.758193,0.952647,5.98132,0.460841,-0.364333,7.53619,0.559508,1.02324,0.14513
"385",0.64072,2.65616,1.53784,0.808088,0.975373,6.30137,0.56312,-0.545762,6.61567,0.551943,1.13825,0.160971
"386",0.858364,3.95608,1.31613,0.747866,0.943172,5.9237,0.535795,-1.7791,6.47087,0.571868,1.01491,0.155828
"387",1.20075,4.5564,0.564486,0.763543,0.96705,5.75931,0.325284,-1.38993,7.22543,0.582948,0.812313,0.16984
"388",1.026,4.03582,0.898407,0.761667,0.922262,6.179,0.740349,-1.60334,6.09917,0.54225,1.29401,0.15222
"389",1.02548,3.97632,1.50561,0.796122,0.981275,6.11834,0.381978,-0.952988,7.24652,0.574729,0.987154,0.166763
"390",0.964186,4.15497,0.993155,0.744713,0.920131,5.96787,0.603802,-1.60781,6.21066,0.542445,1.21511,0.154274
"391",0.730958,2.98692,1.40141,0.757685,0.948453,6.08863,0.506554,-0.946436,6.82583,0.56856,1.01949,0.177359
"392",0.628454,2.78005,1.80277,0.809015,0.990284,6.29501,0.364715,-0.385656,7.68961,0.588828,0.896888,0.162551
"393",0.596122,2.42912,1.73557,0.762625,0.933868,6.02648,0.610172,-0.615729,6.3967,0.552954,1.05947,0.160567
"394",0.54362,2.15513,1.53953,0.720517,0.879783,5.83593,0.441872,-0.241101,7.30973,0.568175,1.21645,0.164705
"395",0.628689,2.24097,1.71426,0.732884,0.913383,5.85227,0.478731,-0.649761,7.18461,0.588853,0.936241,0.160273
"396",0.675455,2.70278,1.34577,0.771763,0.955305,6.08001,0.61943,-0.210089,6.76749,0.528941,1.25441,0.161561
"397",0.706047,2.82037,1.31311,0.796405,0.971924,6.05769,0.638055,-0.743674,6.34785,0.58167,0.896871,0.167134
"398",0.579422,2.5107,1.52679,0.718609,0.921238,5.53953,0.555028,-0.469632,6.5642,0.586266,0.748303,0.169998
"399",0.628694,2.97966,1.20442,0.674589,0.88894,5.7624,0.51226,-1.0148,6.08918,0.567025,0.869241,0.161069
"400",0.655422,2.88293,1.10239,0.709788,0.91757,5.57914,0.451926,-0.882261,6.74279,0.561552,0.932585,0.162038
"401",0.649153,2.69174,1.44094,0.76469,0.96965,5.95562,0.547436,-0.285491,6.96144,0.568966,0.832094,0.16663
"402",0.74839,2.67973,1.24275,0.79956,0.981765,6.14864,0.422549,-0.276628,7.46594,0.581649,1.0002,0.174243
"403",0.721489,2.72548,1.35445,0.838309,0.995271,6.15247,0.458098,-1.09516,6.68574,0.569238,0.868609,0.169357
"404",0.98338,3.13934,0.768852,0.808323,0.955098,6.19971,0.680229,-0.620539,6.43301,0.549984,1.01592,0.157138
"405",0.778211,2.55277,1.71236,0.823526,0.982703,6.20078,0.427749,-0.57108,7.15583,0.551281,1.1582,0.158602
"406",0.638039,2.62769,1.90812,0.769025,0.921194,6.05443,0.400457,-0.42753,7.38989,0.548924,1.19442,0.150453
"407",0.650236,2.62094,1.20116,0.799803,0.989769,6.26535,0.509996,-0.383601,6.84659,0.565072,0.897622,0.178639
"408",0.674023,2.67702,0.871507,0.795646,0.970168,6.13608,0.598034,-0.346112,6.76919,0.57541,0.955732,0.156199
"409",0.472581,2.56158,1.2606,0.753929,0.971839,5.95453,0.605076,-1.19752,6.04176,0.562689,1.04464,0.166416
"410",0.484796,2.79976,1.21007,0.833439,0.984618,6.35404,0.622245,-1.01692,5.83026,0.571256,0.900086,0.160622
"411",0.547924,2.94807,1.10618,0.835364,0.991623,6.5477,0.64747,-1.49712,5.95441,0.581295,0.840213,0.16647
"412",0.56244,2.86788,1.05374,0.771473,0.993474,5.95315,0.545195,-0.355385,6.95347,0.582683,0.692795,0.161956
"413",0.672654,2.82955,1.15312,0.828888,0.976068,6.37287,0.511744,-0.571702,6.8559,0.562231,0.965471,0.162972
"414",0.728781,3.03642,1.02465,0.810778,0.992651,6.11054,0.56738,-1.22029,6.45583,0.560474,1.05941,0.156277
"415",0.884621,3.3691,1.50689,0.748009,0.980822,6.11737,0.541924,-0.557391,7.10885,0.563397,1.01281,0.175945
"416",0.805821,3.352,1.13908,0.814765,0.993735,6.00632,0.593596,-1.86726,6.19808,0.556541,1.17397,0.153954
"417",0.849471,2.81706,0.343625,0.776965,0.97466,5.86452,0.59723,-0.2144,6.93024,0.538112,1.28748,0.170017
"418",0.726918,2.79074,0.615279,0.785998,0.962609,6.41102,0.751513,-1.11946,6.4343,0.56204,1.05234,0.151554
"419",0.87028,3.07276,0.986913,0.724076,0.904969,5.76815,0.424631,-1.40051,6.36554,0.544323,1.27513,0.169035
"420",0.864947,3.08067,1.28985,0.770725,0.95546,6.02529,0.678098,-0.228607,6.87955,0.571891,0.990909,0.14643
"421",0.882172,2.99416,1.14991,0.762903,0.921029,5.84795,0.60856,-0.681591,6.15218,0.547379,1.21282,0.173432
"422",0.909762,3.04829,0.694235,0.797576,0.991149,6.25428,0.494689,-0.316389,7.06257,0.562145,1.04743,0.160975
"423",0.788094,2.59125,1.0654,0.815472,0.953819,6.10887,0.505701,-0.812979,6.79744,0.553015,1.12251,0.155431
"424",0.803598,3.05034,1.17474,0.762748,0.969365,5.97692,0.594027,-1.46514,5.95222,0.55814,0.984904,0.156074
"425",1.02935,3.64103,1.13082,0.776493,0.963921,6.0537,0.381537,-0.590793,7.18038,0.554086,1.14985,0.157364
"426",0.810463,3.22525,1.41055,0.804224,0.990267,6.17034,0.566735,-0.551455,6.30444,0.545364,1.16411,0.158436
"427",0.826919,2.99013,1.37286,0.797269,0.955057,6.29387,0.472606,-0.729126,6.34879,0.548848,1.15984,0.159149
"428",0.693486,2.00477,1.41733,0.749393,0.936637,6.00887,0.588122,-0.240536,7.77831,0.550996,1.16718,0.16008
"429",0.757512,2.02903,1.35242,0.816317,0.995024,6.44397,0.597423,-1.43693,6.51951,0.563545,1.07058,0.168468
"430",0.874708,2.3843,1.15754,0.797971,0.983874,6.09247,0.465257,-0.209702,7.89905,0.558591,1.07763,0.157654
"431",0.897488,2.45285,1.09251,0.764676,0.965916,6.12048,0.517925,-0.305708,7.26964,0.564257,0.897223,0.159417
"432",0.8996,2.07653,1.23924,0.817592,0.970876,6.48806,0.425648,-0.275846,7.96041,0.549255,1.26957,0.16736
"433",0.923758,2.21002,1.17742,0.799911,0.96326,6.37724,0.426164,-0.392825,7.40856,0.551448,1.2472,0.16181
"434",0.907805,2.39745,1.11687,0.805374,0.982474,5.93086,0.64911,-0.53345,7.34649,0.564391,1.08685,0.154933
"435",0.690436,2.59925,1.33414,0.774238,0.965213,6.09883,0.559895,-0.587921,6.9435,0.55052,1.09468,0.171984
"436",0.52221,2.83966,1.65813,0.774046,0.979307,6.26181,0.433089,-0.337235,7.48313,0.568169,0.99632,0.161044
"437",0.553815,2.97393,1.98484,0.791048,0.983848,6.04078,0.602238,-1.47152,5.76964,0.559102,1.13707,0.168071
"438",0.476092,2.66899,2.11015,0.788034,0.981691,6.27273,0.501919,-0.429371,6.94909,0.542273,1.35703,0.15452
"439",0.701314,2.78862,1.57854,0.779379,0.984138,6.07724,0.662725,-0.73012,6.09286,0.552745,1.11442,0.164763
"440",0.711013,2.58727,1.27508,0.816203,0.988974,6.32598,0.460351,-0.165999,7.72578,0.538855,1.26724,0.158288
"441",0.816786,2.968,1.58682,0.75518,0.94256,6.07497,0.614147,-1.07696,6.01953,0.562813,1.12009,0.160429
"442",0.821509,3.06593,1.6035,0.809759,0.977955,6.11642,0.404559,-0.388853,7.39396,0.546221,1.3642,0.148525
"443",1.03708,3.28301,1.00284,0.751873,0.950466,5.78381,0.615671,-1.30484,6.0577,0.551689,1.15015,0.167161
"444",1.06422,3.96961,1.18057,0.788471,0.988515,6.1661,0.427826,-0.56519,7.47595,0.594357,0.780291,0.153834
"445",1.05402,4.12718,0.898664,0.768519,0.946778,5.97886,0.540412,-2.55678,6.18917,0.559725,0.98859,0.159789
"446",0.89366,3.89731,1.34453,0.764178,0.933643,6.11433,0.495109,-1.77779,6.24563,0.559317,1.03547,0.154048
"447",0.628751,3.15896,1.41128,0.794242,0.974289,6.21551,0.520188,-0.6589,6.60255,0.564259,1.04036,0.166269
"448",0.622345,2.98674,1.84785,0.760281,0.94184,6.22725,0.475883,-0.625118,6.40965,0.549369,1.0206,0.157343
"449",0.618514,2.39881,1.56723,0.830377,0.988839,6.11648,0.612905,-0.971365,6.47536,0.541457,1.26705,0.157736
"450",0.924711,3.36921,0.88105,0.827265,0.982363,6.45282,0.398428,-0.445071,7.07987,0.557895,1.1019,0.164037
"451",0.795172,2.97127,1.49732,0.748198,0.903245,5.71564,0.425921,-0.246937,7.43624,0.565292,1.16434,0.154821
"452",0.747119,3.07675,1.54473,0.762385,0.929824,5.96573,0.547195,-0.973696,6.21226,0.554291,1.10197,0.16243
"453",0.724745,3.01262,1.59111,0.762161,0.944756,6.02906,0.51064,-1.40066,6.11595,0.55108,1.11613,0.164333
"454",0.701037,3.15458,1.5594,0.764617,0.95919,6.0963,0.425974,-0.835841,6.82023,0.548378,1.19487,0.15135
"455",0.584798,2.7713,1.86309,0.756073,0.927385,5.85044,0.440413,-0.334054,7.52355,0.556442,1.10307,0.151223
"456",0.591365,2.58855,1.38804,0.739954,0.941689,5.81237,0.523177,-0.205632,7.5715,0.574549,0.847576,0.174861
"457",0.643853,2.75261,1.42484,0.79177,0.980423,6.04569,0.503909,-0.250375,7.35321,0.571616,1.02841,0.154402
"458",0.735304,2.92654,1.51894,0.749247,0.956701,6.12508,0.532307,-1.35435,6.09004,0.571316,1.04032,0.180136
"459",0.504474,2.94496,1.55224,0.793909,0.949192,6.14076,0.4473,-1.45413,6.44034,0.537875,1.16568,0.155444
"460",0.501087,2.79498,1.84404,0.778266,0.944148,6.09636,0.523283,-0.905618,6.5504,0.573478,1.13145,0.161934
"461",0.721872,2.37834,1.31387,0.770143,0.965639,6.06947,0.317046,-0.464205,7.9176,0.561794,1.24436,0.151488
"462",0.67309,2.51565,1.64013,0.780364,0.969912,6.04096,0.368051,-0.523232,7.44309,0.558756,1.10993,0.161512
"463",0.811182,2.60725,1.49734,0.753704,0.955757,5.96821,0.564732,-0.600199,7.15045,0.559528,1.02006,0.152774
"464",0.921731,2.72888,1.12161,0.80596,0.975744,6.26752,0.578546,-0.718545,6.57804,0.56165,1.14948,0.171059
"465",0.915663,3.31525,0.938485,0.779175,0.942717,6.06167,0.401412,-1.21625,7.06539,0.550538,1.21486,0.150934
"466",0.967447,3.41169,0.847764,0.781939,0.964469,6.17191,0.399585,-0.684208,7.11543,0.546944,1.16662,0.161442
"467",0.869282,3.16417,1.23646,0.692974,0.88696,5.69653,0.434629,-0.275675,7.14735,0.589527,0.728898,0.165298
"468",0.798475,3.07787,1.21292,0.758015,0.95636,5.78965,0.596372,-0.789692,5.86769,0.573958,0.968766,0.163958
"469",0.684809,2.78625,1.56536,0.780701,0.953229,6.12082,0.402321,-0.359686,7.58911,0.539615,1.12046,0.15435
"470",0.713184,2.80018,1.58383,0.803028,0.953378,6.24922,0.376789,-0.306091,7.53199,0.542656,1.29785,0.153979
"471",0.90142,2.9385,1.40244,0.792825,0.997748,6.36458,0.461593,-0.387873,7.21849,0.569522,1.18883,0.157755
"472",1.16927,3.08289,0.35984,0.807346,0.966758,6.48005,0.534217,-0.553386,7.10206,0.535934,1.12452,0.154411
"473",0.759859,2.34192,1.16663,0.708262,0.921551,5.96897,0.619051,-0.251733,7.03068,0.581414,0.69652,0.161024
"474",0.661881,2.39778,1.66784,0.758281,0.964855,5.69992,0.538612,-0.357932,6.6215,0.583525,0.785678,0.177348
"475",0.907502,3.16347,1.342,0.827996,0.977175,6.20488,0.391045,-0.592397,7.08273,0.531336,1.3445,0.154481
"476",0.92896,3.30113,1.29861,0.758203,0.970161,5.64572,0.486039,-1.2015,6.16999,0.588477,0.81835,0.179987
"477",0.838308,3.21313,1.5195,0.807113,0.982951,6.42287,0.607318,-0.86427,6.56587,0.554322,1.02386,0.147117
"478",0.80619,3.0411,1.15917,0.782943,0.939149,6.0156,0.445704,-1.49916,6.46952,0.540669,1.28396,0.16191
"479",0.670673,2.85064,1.33168,0.80619,0.984375,6.1716,0.494686,-0.70841,6.5582,0.565309,1.07008,0.163624
"480",0.508335,2.44501,1.8103,0.75008,0.948954,5.93335,0.553456,-0.910834,6.46395,0.55945,1.06574,0.155678
"481",0.412295,2.17931,2.10772,0.784731,0.930228,5.94384,0.550791,-0.108462,7.05461,0.549132,1.31729,0.155169
"482",0.440795,2.67168,2.06222,0.714813,0.913148,5.85556,0.504113,-0.656236,6.7902,0.546955,1.27848,0.145705
"483",0.377307,2.67858,2.15758,0.749247,0.940635,5.69776,0.510999,-0.233642,7.31227,0.569322,0.865944,0.178422
"484",0.666365,3.14095,1.41637,0.802199,0.991477,6.41752,0.550476,-2.30632,5.94557,0.548192,1.36913,0.152256
"485",0.450344,2.90685,1.43075,0.773355,0.967648,6.08589,0.520631,-0.187296,7.44113,0.585911,1.04433,0.167098
"486",0.615862,3.10419,1.17582,0.746118,0.911276,5.90322,0.499722,-1.85711,5.83083,0.556783,1.04163,0.160531
"487",0.517387,2.55131,1.59679,0.806507,0.966097,6.15129,0.705697,-1.0398,6.31429,0.548779,1.15762,0.156307
"488",0.469753,2.35152,1.68609,0.818459,0.978121,6.33405,0.533384,-0.511941,6.57426,0.545949,1.37538,0.169553
"489",0.642196,2.45323,1.22212,0.754287,0.980576,6.04033,0.649504,-0.535274,7.16575,0.562401,0.916746,0.156419
"490",0.640824,2.36009,1.4118,0.794428,0.95595,6.20787,0.362045,-0.415433,7.85615,0.569116,1.15952,0.168297
"491",0.625746,2.36832,1.3437,0.785001,0.94549,6.09214,0.378864,-0.432469,7.26282,0.577188,0.977036,0.160326
"492",0.729581,3.00628,1.15131,0.776712,0.930617,5.98993,0.468479,-0.463235,6.75296,0.557613,0.97589,0.159231
"493",0.737827,2.97786,1.1222,0.769269,0.974937,6.17884,0.556977,-0.360112,6.55449,0.556538,1.09177,0.165055
"494",0.637463,2.45909,1.66299,0.788732,0.958974,5.96992,0.419048,-0.814435,6.70682,0.587285,0.781239,0.172449
"495",0.625881,2.35548,1.81132,0.783553,0.987758,6.2835,0.60938,-0.0442432,7.76591,0.570825,1.05995,0.172941
"496",0.723566,2.80368,1.30483,0.811767,0.992521,6.06619,0.439582,-0.299117,7.06542,0.575174,0.858637,0.164615
"497",0.650067,2.94678,1.92834,0.727592,0.944263,5.94717,0.581206,-0.667129,6.47962,0.554178,1.02308,0.168537
"498",0.68559,3.22145,1.67767,0.796589,0.960393,6.24028,0.529883,-0.492951,6.71231,0.577238,0.880713,0.162213
"499",0.797439,2.96973,0.84967,0.747963,0.936682,6.08665,0.459606,-2.48712,6.21847,0.542603,1.2458,0.164793
"500",0.658731,2.93159,0.969655,0.760795,0.930698,5.79392,0.866826,-0.391355,6.14615,0.569366,0.964819,0.156005
